{
  "Acute Diarrhoeal Disease": 0.288703562896478,
  "Acute Encephalitis Syndrome": 0.04367368445410774,
  "Acute Gastroenteritis": 0.6964151027743652,
  "Chikungunya": 0.5461425982280994,
  "Cholera": 0.13177456302820403,
  "Dengue": 0.4890691858483677,
  "Malaria": 0.5252123965541763
}